Entity,Code,Year,govt_expn_primary_index
Andorra,AND,2002,0.341630012
Andorra,AND,2004,0.301539987
Andorra,AND,2005,0.269959986
Andorra,AND,2006,0.414039999
Andorra,AND,2007,0.402220011
Andorra,AND,2009,0.405530006
Andorra,AND,2010,0.447890013
Andorra,AND,2011,0.456820011
Andorra,AND,2013,0.448260009
Andorra,AND,2014,0.423260003
Angola,AGO,2006,0.308809996
Antigua and Barbuda,ATG,1999,0.123889998
Antigua and Barbuda,ATG,2002,0.072559997
Antigua and Barbuda,ATG,2009,0.00669
Argentina,ARG,1998,0.293769985
Argentina,ARG,1999,0.292270005
Argentina,ARG,2000,0.355369985
Argentina,ARG,2001,0.402350008
Argentina,ARG,2002,0.314619988
Argentina,ARG,2003,0.301829994
Argentina,ARG,2004,0.262010008
Argentina,ARG,2005,0.273589998
Argentina,ARG,2006,0.262510002
Argentina,ARG,2007,0.293370008
Argentina,ARG,2008,0.348450005
Argentina,ARG,2009,0.370350003
Argentina,ARG,2010,0.342579991
Argentina,ARG,2011,0.405220002
Argentina,ARG,2012,0.398849994
Argentina,ARG,2013,0.438520014
Armenia,ARM,2008,0.267049998
Armenia,ARM,2009,0.434210002
Armenia,ARM,2011,0.283060014
Armenia,ARM,2012,0.280919999
Armenia,ARM,2013,0.290300012
Aruba,ABW,1998,0.198379993
Aruba,ABW,1999,0.235520005
Aruba,ABW,2000,0.333700001
Aruba,ABW,2001,0.268209994
Aruba,ABW,2002,0.270000011
Aruba,ABW,2004,0.284209996
Aruba,ABW,2005,0.31784001
Australia,AUS,2000,0.060540002
Australia,AUS,2005,0.050870001
Australia,AUS,2006,0.048319999
Australia,AUS,2007,0.04321
Australia,AUS,2008,0.043249998
Australia,AUS,2009,0.057250001
Australia,AUS,2010,0.064970002
Australia,AUS,2011,0.111230001
Australia,AUS,2012,0.122620001
Australia,AUS,2013,0.14418
Austria,AUT,1998,0.482829988
Austria,AUT,1999,0.44867
Austria,AUT,2000,0.426990002
Austria,AUT,2001,0.41850999
Austria,AUT,2002,0.429390013
Austria,AUT,2003,0.405719995
Austria,AUT,2004,0.388740003
Austria,AUT,2005,0.390969992
Austria,AUT,2006,0.385960013
Austria,AUT,2007,0.392450005
Austria,AUT,2008,0.442209989
Austria,AUT,2009,0.529359996
Austria,AUT,2010,0.59127003
Austria,AUT,2011,0.574750006
Austria,AUT,2012,0.420459986
Austria,AUT,2013,0.46724999
Azerbaijan,AZE,1998,0.314220011
Azerbaijan,AZE,1999,0.362430006
Azerbaijan,AZE,2000,0.296750009
Azerbaijan,AZE,2001,0.285769999
Azerbaijan,AZE,2002,0.255400002
Azerbaijan,AZE,2003,0.2588
Azerbaijan,AZE,2004,0.250629991
Azerbaijan,AZE,2005,0.204040006
Azerbaijan,AZE,2006,0.170640007
Azerbaijan,AZE,2007,0.162829995
Azerbaijan,AZE,2008,0.168099999
Azerbaijan,AZE,2009,0.218020007
Azerbaijan,AZE,2010,0.196070001
Azerbaijan,AZE,2011,0.169430003
Barbados,BRB,1999,0.227009997
Barbados,BRB,2000,0.285270005
Barbados,BRB,2001,0.391420007
Barbados,BRB,2002,0.391400009
Barbados,BRB,2003,0.418489993
Barbados,BRB,2004,0.351229995
Barbados,BRB,2005,0.347429991
Barbados,BRB,2008,0.01922
Belarus,BLR,2004,1.035330057
Belarus,BLR,2005,1.019860029
Belarus,BLR,2006,1.005710006
Belarus,BLR,2007,0.974969983
Belarus,BLR,2009,0.943260014
Belarus,BLR,2010,1.027459979
Belarus,BLR,2011,1.019440055
Belgium,BEL,2001,0.53403002
Belgium,BEL,2002,0.549570024
Belgium,BEL,2003,0.565119982
Belgium,BEL,2004,0.559170008
Belgium,BEL,2005,0.552089989
Belgium,BEL,2006,0.556389987
Belgium,BEL,2007,0.555970013
Belgium,BEL,2008,0.578180015
Belgium,BEL,2009,0.585590005
Belgium,BEL,2010,0.607219994
Belgium,BEL,2011,0.609709978
Belgium,BEL,2012,0.669690013
Belize,BLZ,1999,0.055750001
Belize,BLZ,2000,0.00524
Belize,BLZ,2004,0.02932
Belize,BLZ,2005,0.02809
Belize,BLZ,2008,0.091909997
Belize,BLZ,2009,0.106009997
Belize,BLZ,2010,0.10035
Belize,BLZ,2013,0.089419998
Benin,BEN,2000,0.034000002
Benin,BEN,2001,0.03889
Benin,BEN,2006,0.052239999
Benin,BEN,2007,0.05384
Benin,BEN,2008,0.048379999
Benin,BEN,2009,0.057920001
Benin,BEN,2010,0.128319994
Benin,BEN,2012,0.104979999
Benin,BEN,2013,0.112980001
Benin,BEN,2014,0.185790002
Bermuda,BMU,1998,0.115790002
Bermuda,BMU,2004,0.135969996
Bermuda,BMU,2005,0.138569996
Bermuda,BMU,2010,0.234730005
Bermuda,BMU,2014,0.133660004
Bolivia,BOL,1998,0.241909996
Bolivia,BOL,1999,0.28975001
Bolivia,BOL,2000,0.346370012
Bolivia,BOL,2001,0.165279999
Bolivia,BOL,2002,0.195120007
Bolivia,BOL,2003,0.210179999
Bolivia,BOL,2006,0.159569994
Bolivia,BOL,2008,0.173079997
Bolivia,BOL,2009,0.2104
Bolivia,BOL,2010,0.210610002
Bolivia,BOL,2011,0.284729987
Bolivia,BOL,2012,0.284750015
Bolivia,BOL,2013,0.276410013
Bolivia,BOL,2014,0.366860002
Botswana,BWA,2009,0.00023
Brazil,BRA,1998,0.382389992
Brazil,BRA,1999,0.352090001
Brazil,BRA,2000,0.338759989
Brazil,BRA,2001,0.320030004
Brazil,BRA,2002,0.293660015
Brazil,BRA,2004,0.348960012
Brazil,BRA,2005,0.367130011
Brazil,BRA,2006,0.366369992
Brazil,BRA,2007,0.396990001
Brazil,BRA,2008,0.401069999
Brazil,BRA,2009,0.384319991
Brazil,BRA,2010,0.429820001
Brazil,BRA,2011,0.506980002
Brazil,BRA,2012,0.598670006
Bulgaria,BGR,1998,0.529240012
Bulgaria,BGR,2001,0.557139993
Bulgaria,BGR,2002,0.595669985
Bulgaria,BGR,2003,0.660369992
Bulgaria,BGR,2004,0.439599991
Bulgaria,BGR,2005,0.693499982
Bulgaria,BGR,2006,0.713980019
Bulgaria,BGR,2007,0.697269976
Bulgaria,BGR,2008,0.801720023
Bulgaria,BGR,2009,0.856649995
Bulgaria,BGR,2010,0.882149994
Bulgaria,BGR,2011,0.823729992
Bulgaria,BGR,2012,0.856830001
Burkina Faso,BFA,2005,0.00887
Burkina Faso,BFA,2006,0.00836
Burkina Faso,BFA,2007,0.02857
Burkina Faso,BFA,2011,0.00019
Burkina Faso,BFA,2012,0.00027
Burkina Faso,BFA,2013,0.00049
Burkina Faso,BFA,2014,0.00155
Burundi,BDI,1999,0.0079
Burundi,BDI,2000,0.00681
Burundi,BDI,2001,0.00708
Burundi,BDI,2002,0.0066
Burundi,BDI,2004,0.00062
Burundi,BDI,2008,0.00114
Burundi,BDI,2009,0.00177
Burundi,BDI,2010,0.00158
Burundi,BDI,2011,0.00139
Burundi,BDI,2012,0.00154
Burundi,BDI,2013,0.0015
Cambodia,KHM,1998,0.02455
Cambodia,KHM,2000,0.04315
Cambodia,KHM,2001,0.018890001
Cambodia,KHM,2002,0.01788
Cambodia,KHM,2010,0.056650002
Cambodia,KHM,2012,0.031950001
Cambodia,KHM,2013,0.0537
Cameroon,CMR,2008,0.133289993
Cameroon,CMR,2009,0.113669999
Cameroon,CMR,2010,0.129030004
Cameroon,CMR,2011,0.101839997
Cameroon,CMR,2012,0.103330001
Cameroon,CMR,2013,0.121310003
Canada,CAN,1998,0.220320001
Canada,CAN,1999,0.224419996
Canada,CAN,2000,0.212650001
Cape Verde,CPV,2006,0.01571
Cape Verde,CPV,2007,0.017480001
Cape Verde,CPV,2008,0.01705
Cape Verde,CPV,2013,0.034940001
Central African Republic,CAF,2006,0.01427
Central African Republic,CAF,2007,0.022360001
Central African Republic,CAF,2009,0.03105
Central African Republic,CAF,2010,0.027310001
Chad,TCD,2009,0.00111
Chad,TCD,2010,0.00734
Chad,TCD,2011,0.00724
Chile,CHL,1998,0.296909988
Chile,CHL,2000,0.303050011
Chile,CHL,2002,0.345959991
Chile,CHL,2003,0.334080011
Chile,CHL,2004,0.317360014
Chile,CHL,2005,0.310579985
Chile,CHL,2006,0.323329985
Chile,CHL,2007,0.350549996
Chile,CHL,2008,0.425269991
Chile,CHL,2009,0.541999996
Chile,CHL,2010,0.560370028
Chile,CHL,2011,0.528310001
Chile,CHL,2012,0.641229987
Chile,CHL,2013,0.707660019
China,CHN,1998,0.024569999
China,CHN,1999,0.02682
Colombia,COL,1998,0.096129999
Colombia,COL,1999,0.110059999
Colombia,COL,2000,0.085919999
Colombia,COL,2001,0.091030002
Colombia,COL,2002,0.093929999
Colombia,COL,2004,0.108929999
Colombia,COL,2005,0.104719996
Colombia,COL,2009,0.270399988
Colombia,COL,2010,0.281960011
Colombia,COL,2011,0.27037999
Colombia,COL,2012,0.261209995
Colombia,COL,2014,0.264039993
Comoros,COM,2002,0.01715
Comoros,COM,2011,0.372750014
Comoros,COM,2012,0.373070002
Congo,COG,2002,0.02448
Congo,COG,2005,0.053569999
Congo,COG,2010,0.283950001
Costa Rica,CRI,1999,0.273589998
Costa Rica,CRI,2000,0.230719998
Costa Rica,CRI,2001,0.346729994
Costa Rica,CRI,2002,0.349139988
Costa Rica,CRI,2004,0.388550013
Costa Rica,CRI,2006,0.290609986
Costa Rica,CRI,2007,0.266570002
Costa Rica,CRI,2008,0.289889991
Costa Rica,CRI,2009,0.358999997
Costa Rica,CRI,2010,0.368999988
Costa Rica,CRI,2011,0.371230006
Costa Rica,CRI,2012,0.366769999
Costa Rica,CRI,2013,0.431930006
Costa Rica,CRI,2014,0.425929993
Cote d'Ivoire,CIV,1998,0.00211
Cote d'Ivoire,CIV,1999,0.00044
Cote d'Ivoire,CIV,2000,0.00051
Cote d'Ivoire,CIV,2012,0.109209999
Cote d'Ivoire,CIV,2014,0.127470002
Croatia,HRV,2002,0.361039996
Croatia,HRV,2003,0.357490003
Croatia,HRV,2004,0.353219986
Croatia,HRV,2007,0.489439994
Croatia,HRV,2008,0.509230018
Croatia,HRV,2009,0.582289994
Croatia,HRV,2010,0.587279975
Croatia,HRV,2011,0.586549997
Cuba,CUB,1998,0.646160007
Cuba,CUB,1999,0.684360027
Cuba,CUB,2000,0.744570017
Cuba,CUB,2001,0.691959977
Cuba,CUB,2002,0.886539996
Cuba,CUB,2004,0.851800025
Cuba,CUB,2005,0.875349998
Cuba,CUB,2006,0.714659989
Cuba,CUB,2007,0.967119992
Cuba,CUB,2008,0.972909987
Cuba,CUB,2009,0.851329982
Cuba,CUB,2010,0.879130006
Curacao,CUW,2013,0.455630004
Cyprus,CYP,1999,0.165900007
Cyprus,CYP,2000,0.251379997
Cyprus,CYP,2001,0.296339989
Cyprus,CYP,2002,0.318560004
Cyprus,CYP,2003,0.330799997
Cyprus,CYP,2004,0.30715999
Cyprus,CYP,2005,0.31389001
Cyprus,CYP,2006,0.309749991
Cyprus,CYP,2007,0.301239997
Cyprus,CYP,2008,0.323659986
Cyprus,CYP,2009,0.375820011
Cyprus,CYP,2010,0.368000001
Cyprus,CYP,2011,0.374029994
Czechia,CZE,1998,0.384350002
Czechia,CZE,1999,0.402139992
Czechia,CZE,2000,0.38876
Czechia,CZE,2001,0.363189995
Czechia,CZE,2002,0.387120008
Czechia,CZE,2003,0.378600001
Czechia,CZE,2004,0.369309992
Czechia,CZE,2005,0.382829994
Czechia,CZE,2006,0.379029989
Czechia,CZE,2007,0.36480999
Czechia,CZE,2008,0.386979997
Czechia,CZE,2009,0.466740012
Czechia,CZE,2010,0.466340005
Czechia,CZE,2011,0.472380012
Czechia,CZE,2012,0.516030014
Democratic Republic of Congo,COD,2010,0.01026
Democratic Republic of Congo,COD,2013,0.023089999
Denmark,DNK,1998,0.914849997
Denmark,DNK,1999,0.703490019
Denmark,DNK,2000,0.690999985
Denmark,DNK,2001,0.71796
Denmark,DNK,2002,0.705179989
Denmark,DNK,2003,0.726499975
Denmark,DNK,2004,0.760089993
Denmark,DNK,2005,0.698880017
Denmark,DNK,2006,0.598280013
Denmark,DNK,2007,0.642799973
Denmark,DNK,2008,0.645439982
Denmark,DNK,2009,0.954249978
Denmark,DNK,2010,0.992910028
Denmark,DNK,2011,1.343729973
Dominica,DMA,1998,0.00696
Dominica,DMA,2007,0.00462
Dominica,DMA,2008,0.00565
Dominica,DMA,2009,0.00611
Dominica,DMA,2010,0.00581
Dominica,DMA,2012,0.061349999
Dominican Republic,DOM,2001,0.00188
Dominican Republic,DOM,2002,0.041359998
Dominican Republic,DOM,2004,0.00497
Dominican Republic,DOM,2005,0.020479999
Dominican Republic,DOM,2007,0.086220004
Dominican Republic,DOM,2008,0.098909996
Dominican Republic,DOM,2009,0.110950001
Dominican Republic,DOM,2010,0.096730001
Dominican Republic,DOM,2011,0.101899996
Dominican Republic,DOM,2012,0.115539998
Dominican Republic,DOM,2013,0.244220003
Dominican Republic,DOM,2014,0.258929998
Ecuador,ECU,2010,0.120930001
Ecuador,ECU,2011,0.231509998
Ecuador,ECU,2012,0.199349999
Ecuador,ECU,2013,0.234180003
Ecuador,ECU,2014,0.560739994
El Salvador,SLV,1998,0.21683
El Salvador,SLV,2000,0.198579997
El Salvador,SLV,2002,0.234809995
El Salvador,SLV,2003,0.238340005
El Salvador,SLV,2005,0.233390003
El Salvador,SLV,2006,0.247250006
El Salvador,SLV,2007,0.283109993
El Salvador,SLV,2008,0.339569986
El Salvador,SLV,2009,0.350650012
El Salvador,SLV,2010,0.275480002
El Salvador,SLV,2011,0.259070009
Equatorial Guinea,GNQ,1998,0.092189997
Estonia,EST,1998,0.982060015
Estonia,EST,1999,1.058529973
Estonia,EST,2001,0.30043
Estonia,EST,2002,0.282759994
Estonia,EST,2003,0.306699991
Estonia,EST,2004,0.31595999
Estonia,EST,2005,0.356880009
Estonia,EST,2007,0.363429993
Estonia,EST,2008,0.517239988
Estonia,EST,2009,0.472499996
Estonia,EST,2010,0.433710009
Estonia,EST,2011,0.403569996
Estonia,EST,2012,0.42820999
Eswatini,SWZ,1999,0.00142
Eswatini,SWZ,2000,0.00243
Eswatini,SWZ,2001,0.00198
Eswatini,SWZ,2002,0.00396
Eswatini,SWZ,2003,0.00268
Eswatini,SWZ,2004,0.00217
Eswatini,SWZ,2005,0.00234
Eswatini,SWZ,2006,0.00295
Eswatini,SWZ,2008,0.00264
Eswatini,SWZ,2009,0.00299
Eswatini,SWZ,2010,0.01085
Eswatini,SWZ,2011,0.01382
Ethiopia,ETH,2009,0.00272
Ethiopia,ETH,2010,0.00183
Ethiopia,ETH,2011,0.00155
Ethiopia,ETH,2012,0.019789999
Ethiopia,ETH,2013,0.019579999
Fiji,FJI,2004,0.01185
Fiji,FJI,2011,0.01802
Finland,FIN,1999,0.321240008
Finland,FIN,2000,0.330729991
Finland,FIN,2001,0.314709991
Finland,FIN,2002,0.323599994
Finland,FIN,2003,0.329189986
Finland,FIN,2004,0.331640005
Finland,FIN,2005,0.331719995
Finland,FIN,2006,0.328619987
Finland,FIN,2007,0.323720008
Finland,FIN,2008,0.340999991
Finland,FIN,2009,0.385250002
Finland,FIN,2010,0.37924999
Finland,FIN,2011,0.385699987
Finland,FIN,2012,0.747569978
Finland,FIN,2013,0.772109985
France,FRA,1999,0.619679987
France,FRA,2000,0.60702002
France,FRA,2001,0.598940015
France,FRA,2002,0.601419985
France,FRA,2003,0.645600021
France,FRA,2004,0.66012001
France,FRA,2005,0.625140011
France,FRA,2006,0.617229998
France,FRA,2007,0.627730012
France,FRA,2008,0.616060019
France,FRA,2009,0.661059976
France,FRA,2010,0.657480001
France,FRA,2011,0.646210015
France,FRA,2012,0.681720018
Gabon,GAB,1998,0.198109999
Georgia,GEO,2008,0.3116
Georgia,GEO,2009,0.395639986
Georgia,GEO,2011,0.264869988
Georgia,GEO,2012,0.284830004
Germany,DEU,1998,0.344700009
Germany,DEU,2006,0.358399987
Germany,DEU,2007,0.364360005
Germany,DEU,2008,0.385650009
Germany,DEU,2009,0.429239988
Germany,DEU,2010,0.448249996
Germany,DEU,2011,0.456649989
Germany,DEU,2012,0.42583999
Ghana,GHA,2004,0.498180002
Ghana,GHA,2005,0.441410005
Ghana,GHA,2006,0.290890008
Ghana,GHA,2007,0.271310002
Ghana,GHA,2008,0.322340012
Ghana,GHA,2009,0.263880014
Ghana,GHA,2010,0.335399985
Ghana,GHA,2011,0.298970014
Ghana,GHA,2012,0.66456002
Ghana,GHA,2013,0.397790015
Grenada,GRD,2003,0.223330006
Guatemala,GTM,2000,0.112259999
Guatemala,GTM,2001,0.151930004
Guatemala,GTM,2002,0.153160006
Guatemala,GTM,2004,0.157690004
Guatemala,GTM,2005,0.145569995
Guatemala,GTM,2006,0.242950007
Guatemala,GTM,2007,0.267879993
Guatemala,GTM,2008,0.31753999
Guatemala,GTM,2010,0.31419
Guatemala,GTM,2011,0.330009997
Guatemala,GTM,2012,0.325349987
Guatemala,GTM,2013,0.30004999
Guinea,GIN,2012,0.00175
Guinea,GIN,2013,0.00265
Guinea-Bissau,GNB,2010,0.01249
Guinea-Bissau,GNB,2011,0.01397
Guinea-Bissau,GNB,2012,0.017480001
Guinea-Bissau,GNB,2013,0.017689999
Guyana,GUY,2002,0.976530015
Guyana,GUY,2004,0.639909983
Guyana,GUY,2006,0.494150013
Guyana,GUY,2007,0.444090009
Guyana,GUY,2009,0.387730002
Guyana,GUY,2010,0.420459986
Guyana,GUY,2011,0.377550006
Guyana,GUY,2012,0.36947
Honduras,HND,2010,0.47310999
Honduras,HND,2013,0.430029988
Hong Kong,HKG,2001,0.084710002
Hong Kong,HKG,2002,0.089769997
Hong Kong,HKG,2003,0.100479998
Hong Kong,HKG,2004,0.103529997
Hong Kong,HKG,2005,0.094609998
Hong Kong,HKG,2006,0.087240003
Hong Kong,HKG,2007,0.08568
Hong Kong,HKG,2008,0.103529997
Hong Kong,HKG,2009,0.126269996
Hong Kong,HKG,2010,0.134159997
Hong Kong,HKG,2011,0.136739999
Hong Kong,HKG,2012,0.136419997
Hong Kong,HKG,2013,0.138679996
Hong Kong,HKG,2014,0.15061
Hungary,HUN,1998,0.668120027
Hungary,HUN,1999,0.692359984
Hungary,HUN,2000,0.644529998
Hungary,HUN,2001,0.647119999
Hungary,HUN,2002,0.698329985
Hungary,HUN,2003,0.77767998
Hungary,HUN,2004,0.754369974
Hungary,HUN,2005,0.758340001
Hungary,HUN,2006,0.735719979
Hungary,HUN,2007,0.679229975
Hungary,HUN,2008,0.686580002
Hungary,HUN,2009,0.700339973
Hungary,HUN,2010,0.69174999
Hungary,HUN,2011,0.616219997
Hungary,HUN,2012,0.635900021
Iceland,ISL,1999,0.431699991
Iceland,ISL,2000,0.458079994
Iceland,ISL,2001,0.503859997
Iceland,ISL,2002,0.481550008
Iceland,ISL,2003,0.482820004
Iceland,ISL,2004,0.456140012
Iceland,ISL,2005,0.493090004
Iceland,ISL,2006,0.603699982
Iceland,ISL,2007,0.643459976
Iceland,ISL,2008,0.719359994
Iceland,ISL,2009,0.740289986
Iceland,ISL,2010,0.689920008
Iceland,ISL,2011,0.700950027
India,IND,1999,0.042789999
India,IND,2000,0.03641
India,IND,2001,0.055270001
India,IND,2003,0.053240001
India,IND,2004,0.043779999
India,IND,2005,0.040089998
India,IND,2006,0.035089999
India,IND,2009,0.039299998
India,IND,2010,0.03528
India,IND,2011,0.044050001
India,IND,2012,0.04623
Indonesia,IDN,2007,0.02028
Indonesia,IDN,2008,0.020020001
Indonesia,IDN,2009,0.02313
Indonesia,IDN,2010,0.019929999
Indonesia,IDN,2011,0.03009
Indonesia,IDN,2012,0.075049996
Indonesia,IDN,2013,0.06219
Indonesia,IDN,2014,0.057859998
Iran,IRN,2001,0.035500001
Iran,IRN,2002,0.039340001
Iran,IRN,2003,0.040139999
Iran,IRN,2004,0.033950001
Iran,IRN,2005,0.043439999
Iran,IRN,2006,0.07068
Iran,IRN,2007,0.040180001
Iran,IRN,2008,0.038720001
Iran,IRN,2009,0.033209998
Iran,IRN,2010,0.037110001
Iran,IRN,2011,0.06098
Iran,IRN,2012,0.032990001
Iran,IRN,2013,0.00277
Iran,IRN,2014,0.00592
Ireland,IRL,1998,0.00237
Ireland,IRL,1999,0.00233
Ireland,IRL,2000,0.00234
Ireland,IRL,2001,0.00228
Ireland,IRL,2002,0.00249
Ireland,IRL,2003,0.00259
Ireland,IRL,2004,0.00274
Ireland,IRL,2005,0.00275
Ireland,IRL,2006,0.00272
Ireland,IRL,2007,0.00274
Ireland,IRL,2008,0.00318
Ireland,IRL,2009,0.048610002
Ireland,IRL,2010,0.095530003
Ireland,IRL,2011,0.096529998
Ireland,IRL,2012,0.107009999
Israel,ISR,1998,0.580649972
Israel,ISR,1999,0.563660026
Israel,ISR,2000,0.524060011
Israel,ISR,2001,0.561739981
Israel,ISR,2002,0.623660028
Israel,ISR,2003,0.628170013
Israel,ISR,2004,0.62658
Israel,ISR,2005,0.614650011
Israel,ISR,2006,0.621959984
Israel,ISR,2007,0.58427
Israel,ISR,2008,0.613699973
Israel,ISR,2009,0.638119996
Israel,ISR,2010,0.61018002
Israel,ISR,2011,0.592880011
Israel,ISR,2012,0.590690017
Israel,ISR,2013,0.739229977
Italy,ITA,1998,0.393640012
Italy,ITA,1999,0.386810005
Italy,ITA,2000,0.367619991
Italy,ITA,2001,0.455060005
Italy,ITA,2002,0.380279988
Italy,ITA,2003,0.427929997
Italy,ITA,2004,0.434130013
Italy,ITA,2005,0.438930005
Italy,ITA,2006,0.483359993
Italy,ITA,2007,0.45284
Italy,ITA,2008,0.474799991
Italy,ITA,2009,0.462879986
Italy,ITA,2010,0.435250014
Italy,ITA,2011,0.425969988
Italy,ITA,2012,0.44727999
Jamaica,JAM,2001,0.268680006
Jamaica,JAM,2002,0.297199994
Jamaica,JAM,2003,0.307990015
Jamaica,JAM,2004,0.218400002
Jamaica,JAM,2005,0.223920003
Jamaica,JAM,2007,0.375360012
Jamaica,JAM,2008,0.341159999
Jamaica,JAM,2009,0.510320008
Jamaica,JAM,2010,0.251850009
Jamaica,JAM,2011,0.213249996
Jamaica,JAM,2012,0.199509993
Jamaica,JAM,2013,0.212579995
Jamaica,JAM,2014,0.203250006
Japan,JPN,1998,0.083769999
Japan,JPN,1999,0.086669996
Japan,JPN,2000,0.09505
Japan,JPN,2001,0.092380002
Japan,JPN,2002,0.09307
Japan,JPN,2003,0.09488
Japan,JPN,2004,0.093599997
Japan,JPN,2005,0.092720002
Japan,JPN,2006,0.091909997
Japan,JPN,2007,0.090810001
Japan,JPN,2008,0.090159997
Japan,JPN,2010,0.101499997
Japan,JPN,2011,0.099849999
Japan,JPN,2012,0.10311
Japan,JPN,2013,0.103210002
Japan,JPN,2014,0.105049998
Jordan,JOR,1998,0.00023
Jordan,JOR,1999,0.00401
Jordan,JOR,2001,0.00425
Jordan,JOR,2002,0.00737
Jordan,JOR,2003,0.01691
Jordan,JOR,2004,0.01894
Jordan,JOR,2005,0.02385
Jordan,JOR,2006,0.021670001
Jordan,JOR,2007,0.0195
Jordan,JOR,2008,0.036400001
Jordan,JOR,2009,0.024390001
Jordan,JOR,2011,0.02768
Kazakhstan,KAZ,2002,0.110140003
Kazakhstan,KAZ,2004,0.082149997
Kazakhstan,KAZ,2005,0.086819999
Kazakhstan,KAZ,2006,0.1228
Kazakhstan,KAZ,2007,0.154090002
Kazakhstan,KAZ,2008,0.166010007
Kazakhstan,KAZ,2009,0.208069995
Kazakhstan,KAZ,2013,0.270630002
Kazakhstan,KAZ,2014,0.283069998
Kenya,KEN,1999,0.01267
Kenya,KEN,2000,0.03002
Kenya,KEN,2001,0.06938
Kenya,KEN,2003,0.145710006
Kenya,KEN,2004,0.106250003
Kenya,KEN,2006,0.00356
Kuwait,KWT,2002,0.619480014
Kuwait,KWT,2003,0.603110015
Kuwait,KWT,2004,0.513069987
Kuwait,KWT,2005,0.463550001
Kuwait,KWT,2006,0.36026001
Kuwait,KWT,2008,0.391240001
Kuwait,KWT,2011,0.543820024
Kyrgyzstan,KGZ,1998,0.319759995
Kyrgyzstan,KGZ,1999,0.274699986
Kyrgyzstan,KGZ,2000,0.223389998
Kyrgyzstan,KGZ,2001,0.257160008
Kyrgyzstan,KGZ,2002,0.291240007
Kyrgyzstan,KGZ,2003,0.276730001
Kyrgyzstan,KGZ,2004,0.272599995
Kyrgyzstan,KGZ,2005,0.301360011
Kyrgyzstan,KGZ,2006,0.335290015
Kyrgyzstan,KGZ,2007,0.378060013
Kyrgyzstan,KGZ,2008,0.388469994
Kyrgyzstan,KGZ,2009,0.432819992
Kyrgyzstan,KGZ,2010,0.471069992
Kyrgyzstan,KGZ,2011,0.577180028
Kyrgyzstan,KGZ,2012,0.693530023
Kyrgyzstan,KGZ,2013,0.725170016
Laos,LAO,2002,0.053459998
Laos,LAO,2004,0.044429999
Laos,LAO,2005,0.037530001
Latvia,LVA,1998,0.69964999
Latvia,LVA,1999,0.653609991
Latvia,LVA,2000,0.658689976
Latvia,LVA,2001,0.633449972
Latvia,LVA,2002,0.64447999
Latvia,LVA,2003,0.657630026
Latvia,LVA,2004,0.630349994
Latvia,LVA,2006,0.615369976
Latvia,LVA,2007,0.669860005
Latvia,LVA,2008,0.803740025
Latvia,LVA,2009,0.964479983
Latvia,LVA,2010,0.855560005
Latvia,LVA,2011,0.821640015
Latvia,LVA,2012,0.797590017
Latvia,LVA,2013,0.825749993
Lesotho,LSO,2006,0.00826
Lesotho,LSO,2008,0.018780001
Liechtenstein,LIE,2003,0.171350002
Liechtenstein,LIE,2004,0.158150002
Liechtenstein,LIE,2006,0.144079998
Liechtenstein,LIE,2007,0.133220002
Liechtenstein,LIE,2008,0.149810001
Liechtenstein,LIE,2010,0.180399999
Liechtenstein,LIE,2011,0.182490006
Lithuania,LTU,2001,0.815789998
Lithuania,LTU,2003,0.72645998
Lithuania,LTU,2004,0.660849988
Lithuania,LTU,2005,0.590430021
Lithuania,LTU,2006,0.589670002
Lithuania,LTU,2007,0.554229975
Lithuania,LTU,2008,0.518570006
Lithuania,LTU,2009,0.728659987
Lithuania,LTU,2010,0.685259998
Lithuania,LTU,2011,0.698360026
Lithuania,LTU,2012,0.62383002
Luxembourg,LUX,2008,0.476209998
Luxembourg,LUX,2009,0.609499991
Luxembourg,LUX,2010,0.75108999
Luxembourg,LUX,2011,0.746020019
Macao,MAC,1998,0.326169997
Macao,MAC,2000,0.27974999
Madagascar,MDG,2008,0.01284
Madagascar,MDG,2009,0.00802
Madagascar,MDG,2011,0.00782
Madagascar,MDG,2012,0.0057
Malawi,MWI,2010,0.00106
Malawi,MWI,2011,0.01369
Malawi,MWI,2013,0.00224
Malaysia,MYS,2000,0.056809999
Malaysia,MYS,2001,0.07694
Malaysia,MYS,2002,0.059730001
Malaysia,MYS,2003,0.056049999
Malaysia,MYS,2004,0.067249998
Malaysia,MYS,2006,0.067029998
Malaysia,MYS,2007,0.0656
Malaysia,MYS,2008,0.064209998
Malaysia,MYS,2009,0.070950001
Malaysia,MYS,2010,0.058419999
Malaysia,MYS,2011,0.096419998
Malaysia,MYS,2013,0.09471
Maldives,MDV,2006,0.48368001
Maldives,MDV,2008,0.467319995
Mali,MLI,1998,0.025420001
Mali,MLI,1999,0.025040001
Mali,MLI,2008,0.053470001
Mali,MLI,2009,0.041219998
Mali,MLI,2010,0.00797
Mali,MLI,2011,0.01349
Mali,MLI,2012,0.01436
Mali,MLI,2013,0.01264
Mali,MLI,2014,0.01016
Malta,MLT,1998,0.233260006
Malta,MLT,2002,0.290619999
Malta,MLT,2004,0.247549996
Malta,MLT,2007,0.372570008
Malta,MLT,2008,0.376210004
Malta,MLT,2009,0.381029993
Malta,MLT,2010,0.509989977
Malta,MLT,2011,0.422340006
Malta,MLT,2012,0.477499992
Mauritania,MRT,2005,0.00983
Mauritania,MRT,2008,0.00937
Mauritania,MRT,2010,0.019470001
Mauritius,MUS,2001,0.04572
Mauritius,MUS,2002,0.044799998
Mauritius,MUS,2003,0.067139998
Mauritius,MUS,2004,0.063890003
Mauritius,MUS,2005,0.062639996
Mauritius,MUS,2006,0.048020002
Mauritius,MUS,2008,0.043480001
Mauritius,MUS,2009,0.04721
Mauritius,MUS,2010,0.05051
Mauritius,MUS,2011,0.048700001
Mauritius,MUS,2012,0.055100001
Mauritius,MUS,2013,0.06199
Mexico,MEX,1998,0.269690007
Mexico,MEX,1999,0.362430006
Mexico,MEX,2001,0.401989996
Mexico,MEX,2002,0.458849996
Mexico,MEX,2003,0.598850012
Mexico,MEX,2004,0.472070009
Mexico,MEX,2005,0.510209978
Mexico,MEX,2006,0.52929002
Mexico,MEX,2007,0.507730007
Mexico,MEX,2008,0.582289994
Mexico,MEX,2009,0.521719992
Mexico,MEX,2010,0.530179977
Mexico,MEX,2011,0.534839988
Moldova,MDA,2006,1.187590003
Moldova,MDA,2007,1.314470053
Moldova,MDA,2008,1.461910009
Moldova,MDA,2009,1.769140005
Moldova,MDA,2010,1.775249958
Moldova,MDA,2011,1.768749952
Moldova,MDA,2012,1.83028996
Moldova,MDA,2014,1.571269989
Monaco,MCO,1998,0.05257
Monaco,MCO,1999,0.051240001
Monaco,MCO,2000,0.044
Monaco,MCO,2004,0.05356
Monaco,MCO,2009,0.04885
Monaco,MCO,2010,0.041820001
Monaco,MCO,2011,0.040789999
Monaco,MCO,2012,0.043949999
Monaco,MCO,2013,0.03977
Monaco,MCO,2014,0.03709
Mongolia,MNG,2002,1.019019961
Mongolia,MNG,2004,0.799950004
Mongolia,MNG,2007,0.923870027
Mongolia,MNG,2009,1.044870019
Mongolia,MNG,2010,1.021080017
Mongolia,MNG,2011,1.094759941
Morocco,MAR,2008,0.00033
Namibia,NAM,2000,0.01356
Namibia,NAM,2001,0.01451
Namibia,NAM,2002,0.362210006
Namibia,NAM,2003,0.029999999
Namibia,NAM,2005,0.031709999
Namibia,NAM,2006,0.03238
Namibia,NAM,2008,0.025900001
Nepal,NPL,2009,0.071549997
Nepal,NPL,2014,0.128670007
Netherlands,NLD,1998,0.326119989
Netherlands,NLD,1999,0.32080999
Netherlands,NLD,2000,0.327780008
Netherlands,NLD,2001,0.350039989
Netherlands,NLD,2002,0.375869989
Netherlands,NLD,2003,0.404190004
Netherlands,NLD,2004,0.395179987
Netherlands,NLD,2005,0.399170011
Netherlands,NLD,2006,0.378360003
Netherlands,NLD,2007,0.35699001
Netherlands,NLD,2008,0.358530015
Netherlands,NLD,2009,0.382669985
Netherlands,NLD,2010,0.382180005
Netherlands,NLD,2011,0.384270012
Netherlands,NLD,2012,0.376450002
Netherlands,NLD,2013,0.384860009
New Zealand,NZL,1999,0.218559995
New Zealand,NZL,2000,0.19822
New Zealand,NZL,2001,0.184900001
New Zealand,NZL,2002,0.172440007
New Zealand,NZL,2003,0.195570007
New Zealand,NZL,2004,0.187319994
New Zealand,NZL,2005,0.204329997
New Zealand,NZL,2006,0.220909998
New Zealand,NZL,2007,0.233229995
New Zealand,NZL,2008,0.336710006
New Zealand,NZL,2009,0.438989997
New Zealand,NZL,2010,0.470609993
New Zealand,NZL,2011,0.515299976
New Zealand,NZL,2012,0.501259983
New Zealand,NZL,2014,0.445740014
Nicaragua,NIC,2004,0.02359
Nicaragua,NIC,2005,0.02077
Nicaragua,NIC,2006,0.075910002
Nicaragua,NIC,2010,0.160400003
Niger,NER,2009,0.149279997
Niger,NER,2010,0.090429999
Niger,NER,2011,0.076980002
Niger,NER,2012,0.279139996
Niger,NER,2013,0.251949996
Niger,NER,2014,0.304569989
Norway,NOR,1998,0.555890024
Norway,NOR,1999,0.758239985
Norway,NOR,2000,0.706420004
Norway,NOR,2002,0.819710016
Norway,NOR,2003,0.282790005
Norway,NOR,2004,0.287800014
Norway,NOR,2005,0.281309992
Norway,NOR,2006,0.29460001
Norway,NOR,2007,0.311580002
Norway,NOR,2008,0.290259987
Norway,NOR,2009,0.339100003
Norway,NOR,2010,0.327939987
Norway,NOR,2011,0.354099989
Norway,NOR,2012,0.71201998
Palau,PLW,2001,1.096779943
Panama,PAN,1999,0.141409993
Panama,PAN,2000,0.158189997
Panama,PAN,2001,0.127570003
Panama,PAN,2002,0.095640004
Panama,PAN,2004,0.151539996
Panama,PAN,2007,0.148399994
Panama,PAN,2011,0.099679999
Paraguay,PRY,2000,0.292820007
Paraguay,PRY,2001,0.288740009
Paraguay,PRY,2002,0.317440003
Paraguay,PRY,2003,0.306439996
Paraguay,PRY,2004,0.260600001
Paraguay,PRY,2007,0.223360002
Paraguay,PRY,2010,0.251980007
Paraguay,PRY,2011,0.244420007
Paraguay,PRY,2012,0.304580003
Peru,PER,1998,0.32653001
Peru,PER,1999,0.326590002
Peru,PER,2000,0.304630011
Peru,PER,2001,0.271530002
Peru,PER,2002,0.255870014
Peru,PER,2003,0.261790007
Peru,PER,2004,0.253500015
Peru,PER,2005,0.233700007
Peru,PER,2006,0.255699992
Peru,PER,2007,0.254940003
Peru,PER,2008,0.297630012
Peru,PER,2009,0.36631
Peru,PER,2010,0.342909992
Peru,PER,2011,0.329079986
Peru,PER,2012,0.391570002
Peru,PER,2013,0.492370009
Peru,PER,2014,0.607360005
Philippines,PHL,2000,0.00423
Philippines,PHL,2001,0.0039
Philippines,PHL,2002,0.00366
Philippines,PHL,2003,0.00369
Philippines,PHL,2004,0.00092
Philippines,PHL,2005,0.00162
Philippines,PHL,2007,0.02712
Philippines,PHL,2008,0.03971
Philippines,PHL,2009,0.04476
Poland,POL,1998,0.475800008
Poland,POL,1999,0.408300012
Poland,POL,2000,0.535239995
Poland,POL,2001,0.459479988
Poland,POL,2002,0.42693001
Poland,POL,2003,0.478489995
Poland,POL,2004,0.543529987
Poland,POL,2005,0.541279972
Poland,POL,2006,0.527050018
Poland,POL,2007,0.498199999
Poland,POL,2008,0.566110015
Poland,POL,2009,0.51473999
Poland,POL,2010,0.508589983
Poland,POL,2011,0.527660012
Poland,POL,2012,0.550890028
Portugal,PRT,1999,0.263700008
Portugal,PRT,2000,0.272300005
Portugal,PRT,2001,0.299080014
Portugal,PRT,2002,0.312669992
Portugal,PRT,2003,0.378170013
Portugal,PRT,2004,0.371939987
Portugal,PRT,2005,0.374850005
Portugal,PRT,2006,0.361490011
Portugal,PRT,2007,0.347869992
Portugal,PRT,2008,0.355489999
Portugal,PRT,2009,0.379810005
Portugal,PRT,2010,0.391259998
Portugal,PRT,2011,0.37876001
Puerto Rico,PRI,2013,0.459659994
Qatar,QAT,2009,0.150389999
Romania,ROU,2001,0.273550004
Romania,ROU,2002,0.293060005
Romania,ROU,2003,0.287059993
Romania,ROU,2004,0.286199987
Romania,ROU,2005,0.315299988
Romania,ROU,2007,0.385969996
Romania,ROU,2009,0.394939989
Romania,ROU,2010,0.345840007
Romania,ROU,2011,0.293879986
Romania,ROU,2012,0.283630013
Romania,ROU,2013,0.297699988
Russia,RUS,2000,0.43810001
Russia,RUS,2001,0.477270007
Russia,RUS,2002,0.560699999
Russia,RUS,2003,0.545740008
Russia,RUS,2004,0.538519979
Russia,RUS,2005,0.522899985
Russia,RUS,2006,0.540809989
Russia,RUS,2008,0.616680026
Rwanda,RWA,2000,0.01997
Rwanda,RWA,2005,0.032499999
Rwanda,RWA,2007,0.040770002
Rwanda,RWA,2010,0.00974
Rwanda,RWA,2011,0.00553
Rwanda,RWA,2012,0.01314
Rwanda,RWA,2013,0.00778
Saint Kitts and Nevis,KNA,1998,0.187309995
Saint Lucia,LCA,1999,0.02595
Saint Lucia,LCA,2004,0.01836
Saint Lucia,LCA,2009,0.0548
Saint Lucia,LCA,2010,0.072839998
Saint Lucia,LCA,2011,0.066009998
Saint Lucia,LCA,2012,0.06329
Saint Vincent and the Grenadines,VCT,1998,0.00218
Saint Vincent and the Grenadines,VCT,2000,0.022430001
Saint Vincent and the Grenadines,VCT,2002,0.02406
Saint Vincent and the Grenadines,VCT,2005,0.02018
Saint Vincent and the Grenadines,VCT,2007,0.01739
Saint Vincent and the Grenadines,VCT,2009,0.028969999
Saint Vincent and the Grenadines,VCT,2010,0.100409999
Saint Vincent and the Grenadines,VCT,2011,0.092710003
Saint Vincent and the Grenadines,VCT,2014,0.098690003
Samoa,WSM,2000,0.082309999
Samoa,WSM,2001,0.02746
San Marino,SMR,2010,0.439460009
San Marino,SMR,2011,0.480470002
Sao Tome and Principe,STP,2012,0.668879986
Sao Tome and Principe,STP,2013,0.675949991
Sao Tome and Principe,STP,2014,0.464219987
Senegal,SEN,1998,0.082989998
Senegal,SEN,2005,0.044349998
Senegal,SEN,2006,0.033410002
Senegal,SEN,2009,0.016489999
Senegal,SEN,2010,0.025429999
Serbia,SRB,2007,0.018169999
Serbia,SRB,2008,0.017890001
Serbia,SRB,2009,0.01767
Serbia,SRB,2010,0.02331
Serbia,SRB,2011,0.04995
Seychelles,SYC,1998,0.322180003
Seychelles,SYC,2002,0.546379983
Seychelles,SYC,2003,0.462749988
Seychelles,SYC,2006,0.195109993
Slovakia,SVK,1999,0.489569992
Slovakia,SVK,2000,0.409850001
Slovakia,SVK,2001,0.429049999
Slovakia,SVK,2002,0.45341
Slovakia,SVK,2003,0.468549997
Slovakia,SVK,2004,0.383540004
Slovakia,SVK,2005,0.380769998
Slovakia,SVK,2006,0.358570009
Slovakia,SVK,2007,0.360000014
Slovakia,SVK,2008,0.362729996
Slovakia,SVK,2009,0.40812999
Slovakia,SVK,2010,0.386680007
Slovakia,SVK,2011,0.403409988
Slovakia,SVK,2012,0.417059988
Slovakia,SVK,2013,0.443360001
Slovenia,SVN,2001,0.554050028
Slovenia,SVN,2002,0.557609975
Slovenia,SVN,2003,0.525650024
Slovenia,SVN,2004,0.46735999
Slovenia,SVN,2005,0.582949996
Slovenia,SVN,2006,0.611060023
Slovenia,SVN,2007,0.550790012
Slovenia,SVN,2008,0.480300009
Slovenia,SVN,2009,0.549920022
Slovenia,SVN,2010,0.57160002
Slovenia,SVN,2011,0.627799988
Slovenia,SVN,2012,0.665520012
South Africa,ZAF,1999,0.00034
South Africa,ZAF,2000,0.06673
South Africa,ZAF,2001,0.187969998
South Africa,ZAF,2002,0.185440004
South Africa,ZAF,2003,0.00756
South Africa,ZAF,2004,0.01564
South Africa,ZAF,2005,0.03021
South Africa,ZAF,2006,0.02685
South Africa,ZAF,2007,0.029680001
South Africa,ZAF,2008,0.03277
South Africa,ZAF,2009,0.048179999
South Africa,ZAF,2010,0.06171
South Africa,ZAF,2011,0.076470003
South Africa,ZAF,2012,0.086369999
South Africa,ZAF,2014,0.092859998
South Korea,KOR,1998,0.036320001
South Korea,KOR,1999,0.029170001
South Korea,KOR,2001,0.054740001
South Korea,KOR,2002,0.0469
South Korea,KOR,2003,0.049449999
South Korea,KOR,2004,0.054359999
South Korea,KOR,2005,0.062600002
South Korea,KOR,2006,0.088869996
South Korea,KOR,2007,0.100050002
South Korea,KOR,2008,0.081519999
South Korea,KOR,2009,0.104479998
South Korea,KOR,2012,0.144150004
South Korea,KOR,2013,0.178200006
South Sudan,SSD,2011,0.00238
Spain,ESP,1998,0.32863
Spain,ESP,1999,0.31487
Spain,ESP,2000,0.360830009
Spain,ESP,2001,0.382739991
Spain,ESP,2002,0.411469996
Spain,ESP,2003,0.450450003
Spain,ESP,2004,0.47220999
Spain,ESP,2005,0.512510002
Spain,ESP,2006,0.534950018
Spain,ESP,2007,0.575330019
Spain,ESP,2008,0.624430001
Spain,ESP,2009,0.699310005
Spain,ESP,2010,0.677160025
Spain,ESP,2011,0.683799982
Spain,ESP,2012,0.4921
Spain,ESP,2013,0.48210001
Sweden,SWE,1998,0.525919974
Sweden,SWE,1999,0.515410006
Sweden,SWE,2000,0.447079986
Sweden,SWE,2001,0.434920013
Sweden,SWE,2002,0.477569997
Sweden,SWE,2003,0.46103999
Sweden,SWE,2004,0.477310002
Sweden,SWE,2005,0.512700021
Sweden,SWE,2006,0.564069986
Sweden,SWE,2007,0.566420019
Sweden,SWE,2008,0.62905997
Sweden,SWE,2009,0.685959995
Sweden,SWE,2010,0.673749983
Sweden,SWE,2011,0.680830002
Sweden,SWE,2012,1.241240025
Sweden,SWE,2013,1.291360021
Switzerland,CHE,1998,0.180999994
Switzerland,CHE,1999,0.180969998
Switzerland,CHE,2000,0.191650003
Switzerland,CHE,2001,0.187270001
Switzerland,CHE,2002,0.195189998
Switzerland,CHE,2003,0.194120005
Switzerland,CHE,2004,0.183170006
Switzerland,CHE,2005,0.189740002
Switzerland,CHE,2006,0.185729995
Switzerland,CHE,2007,0.178320006
Switzerland,CHE,2008,0.175459996
Switzerland,CHE,2009,0.188500002
Switzerland,CHE,2010,0.183960006
Switzerland,CHE,2011,0.176280007
Switzerland,CHE,2012,0.180669993
Tajikistan,TJK,2005,0.135140002
Tajikistan,TJK,2006,0.146789998
Tajikistan,TJK,2007,0.148619995
Tajikistan,TJK,2008,0.143309996
Tajikistan,TJK,2009,0.184359998
Tajikistan,TJK,2010,0.199180007
Tajikistan,TJK,2011,0.195720002
Tajikistan,TJK,2012,0.209749997
Tanzania,TZA,2004,0.296169996
Tanzania,TZA,2005,0.26662001
Tanzania,TZA,2006,0.178320006
Tanzania,TZA,2007,0.205960006
Tanzania,TZA,2008,0.200409994
Tanzania,TZA,2009,0.175970003
Tanzania,TZA,2014,0.20984
Thailand,THA,1998,0.439310014
Thailand,THA,2000,0.574490011
Thailand,THA,2001,0.495009989
Thailand,THA,2004,0.41971001
Thailand,THA,2005,0.537060022
Thailand,THA,2008,0.227029994
Thailand,THA,2009,0.249080002
Thailand,THA,2010,0.201030001
Thailand,THA,2011,0.268229991
Thailand,THA,2012,0.297789991
Thailand,THA,2013,0.223480001
Timor,TLS,2012,0.01177
Timor,TLS,2013,0.069629997
Timor,TLS,2014,0.090460002
Togo,TGO,2010,0.116449997
Togo,TGO,2011,0.089149997
Togo,TGO,2012,0.156340003
Togo,TGO,2013,0.13583
Togo,TGO,2014,0.070139997
Trinidad and Tobago,TTO,2000,0.171700001
Trinidad and Tobago,TTO,2001,0.020919999
Trinidad and Tobago,TTO,2002,0.01606
Trinidad and Tobago,TTO,2003,0.020260001
Trinidad and Tobago,TTO,2007,0.348479986
Trinidad and Tobago,TTO,2008,0.091810003
Trinidad and Tobago,TTO,2009,0.236870006
Tunisia,TUN,1999,0.00367
Turkey,TUR,2004,0.01812
Turkmenistan,TKM,2012,0.856630027
Ukraine,UKR,2000,0.463930011
Ukraine,UKR,2001,0.517799973
Ukraine,UKR,2002,0.607680023
Ukraine,UKR,2003,0.639699996
Ukraine,UKR,2004,0.596589983
Ukraine,UKR,2005,0.665849984
Ukraine,UKR,2006,0.702950001
Ukraine,UKR,2007,0.729499996
Ukraine,UKR,2008,0.760999978
Ukraine,UKR,2009,0.911499977
Ukraine,UKR,2011,0.910130024
Ukraine,UKR,2012,1.041360021
Ukraine,UKR,2013,1.068959951
United Arab Emirates,ARE,1998,0.078479998
United Arab Emirates,ARE,2011,0.176420003
United Arab Emirates,ARE,2012,0.166960001
United Kingdom,GBR,1998,0.378859997
United Kingdom,GBR,1999,0.374940008
United Kingdom,GBR,2000,0.390460014
United Kingdom,GBR,2001,0.413599998
United Kingdom,GBR,2002,0.425300002
United Kingdom,GBR,2003,0.331039995
United Kingdom,GBR,2004,0.331730008
United Kingdom,GBR,2005,0.304120004
United Kingdom,GBR,2006,0.305180013
United Kingdom,GBR,2007,0.341450006
United Kingdom,GBR,2008,0.280400008
United Kingdom,GBR,2009,0.287620008
United Kingdom,GBR,2010,0.308609992
United Kingdom,GBR,2011,0.320389986
United Kingdom,GBR,2013,0.307639986
United States,USA,1998,0.334289998
United States,USA,1999,0.330040008
United States,USA,2000,0.362659991
United States,USA,2001,0.356599987
United States,USA,2002,0.367269993
United States,USA,2003,0.310849994
United States,USA,2004,0.306540012
United States,USA,2005,0.296130002
United States,USA,2006,0.318019986
United States,USA,2007,0.334439993
United States,USA,2008,0.320120007
United States,USA,2009,0.327499986
United States,USA,2010,0.352809995
United States,USA,2011,0.335819989
United States,USA,2012,0.34224999
Uruguay,URY,1999,0.223389998
Uruguay,URY,2000,0.222430006
Uruguay,URY,2001,0.259909987
Uruguay,URY,2002,0.258430004
Uruguay,URY,2003,0.217079997
Uruguay,URY,2004,0.218180001
Uruguay,URY,2005,0.241219997
Uruguay,URY,2006,0.250010014
Uruguay,URY,2011,0.442609996
Vanuatu,VUT,1998,0.00883
Vanuatu,VUT,2001,0.008
Vanuatu,VUT,2008,0.02954
Vanuatu,VUT,2014,0.00506
Venezuela,VEN,2006,0.267890006
Venezuela,VEN,2007,0.260540009
Venezuela,VEN,2009,0.795180023
Vietnam,VNM,2008,0.428200006
Vietnam,VNM,2010,0.679660022
Vietnam,VNM,2012,0.622240007
Yemen,YEM,2011,0.04936
